{
    "prc": [
        {
            "precision": 0.41358024691358025,
            "recall": 1.0,
            "threshold": 0
        },
        {
            "precision": 0.5142857142857142,
            "recall": 0.26865671641791045,
            "threshold": 1
        }
    ]
}