{
    "train_score": 75.0,
    "test_score": 59.25925925925925,
    "roc_auc": 0.6758837391987431,
    "Logistic Accuracy": 0.5925925925925926
}